-- MySQL dump 10.13  Distrib 8.0.18, for Win64 (x86_64)
--
-- Host: localhost    Database: crypto_email
-- ------------------------------------------------------
-- Server version	8.0.18

/*!40101 SET @OLD_CHARACTER_SET_CLIENT=@@CHARACTER_SET_CLIENT */;
/*!40101 SET @OLD_CHARACTER_SET_RESULTS=@@CHARACTER_SET_RESULTS */;
/*!40101 SET @OLD_COLLATION_CONNECTION=@@COLLATION_CONNECTION */;
/*!50503 SET NAMES utf8 */;
/*!40103 SET @OLD_TIME_ZONE=@@TIME_ZONE */;
/*!40103 SET TIME_ZONE='+00:00' */;
/*!40014 SET @OLD_UNIQUE_CHECKS=@@UNIQUE_CHECKS, UNIQUE_CHECKS=0 */;
/*!40014 SET @OLD_FOREIGN_KEY_CHECKS=@@FOREIGN_KEY_CHECKS, FOREIGN_KEY_CHECKS=0 */;
/*!40101 SET @OLD_SQL_MODE=@@SQL_MODE, SQL_MODE='NO_AUTO_VALUE_ON_ZERO' */;
/*!40111 SET @OLD_SQL_NOTES=@@SQL_NOTES, SQL_NOTES=0 */;

--
-- Table structure for table `messages`
--

DROP TABLE IF EXISTS `messages`;
/*!40101 SET @saved_cs_client     = @@character_set_client */;
/*!50503 SET character_set_client = utf8mb4 */;
CREATE TABLE `messages` (
  `id` int(11) NOT NULL AUTO_INCREMENT,
  `transmitter` int(11) NOT NULL,
  `receiver` int(11) NOT NULL,
  `message` varchar(1024) DEFAULT NULL,
  `create_time` timestamp NOT NULL DEFAULT CURRENT_TIMESTAMP,
  PRIMARY KEY (`id`)
) ENGINE=InnoDB AUTO_INCREMENT=7 DEFAULT CHARSET=utf8;
/*!40101 SET character_set_client = @saved_cs_client */;

--
-- Dumping data for table `messages`
--

LOCK TABLES `messages` WRITE;
/*!40000 ALTER TABLE `messages` DISABLE KEYS */;
INSERT INTO `messages` VALUES (1,2,1,'22E9DB 195D894B 2275D48A 22E9DB 20C48A 22E9DB 195D894B 20C48A 2E22F3BB 42ACACA 20C48A 2B7A10B 22E9DB 42ACACA 195D894B 20C493 AA18CA 22E9DB 20C48A 21548A 22E9DB 20C48A 272CCA 69C003 195D894B 20DE2B 20C493 1BAD48A 20C48A 920C48A 20C493 125FA2CA 20C493 20C48A 2B7A10B 20C493 42ACACA 2E22F3BB 22E9DB 1BAD48A 20C493','2019-11-19 14:03:06'),(2,2,3,'22E9DB 195D894B 2275D48A 22E9DB 20C48A 22E9DB 195D894B 20C48A 2E22F3BB 42ACACA 20C48A 22E9DB 2B7A10B 20C493 69C003 1BAD48A 20C48A 21548A 22E9DB 20C48A 272CCA 69C003 195D894B 20DE2B 20C493 1BAD48A 20C48A 20C493 20C48A 20C493 1BAD48A 20C6CA 22E9DB 125FA2CA 2275D48A 63D0833','2019-11-19 14:03:06'),(3,1,2,'22E9DB 195D894B 2275D48A 22E9DB 20C48A 22E9DB 195D894B 20C48A 2E22F3BB 42ACACA 20C48A 22E9DB 2B7A10B 20C493 69C003 1BAD48A 20C48A 21548A 22E9DB 20C48A 2B7A10B 20C493 42ACACA 2E22F3BB 22E9DB 1BAD48A 20C493 20C48A 20C493 20C48A 272CCA 69C003 195D894B 20DE2B 20C493 1BAD48A','2019-11-19 14:03:06'),(4,3,1,'22E9DB 195D894B 2275D48A 22E9DB 195D894B 20C48A 22E9DB 195D894B 20C48A 2E22F3BB 42ACACA 20C48A 22E9DB 2B7A10B 20C493 69C003 1BAD48A 20C48A 21548A 22E9DB 20C48A 20C493 1BAD48A 20C6CA 22E9DB 125FA2CA 2275D48A 63D0833 20C48A 20C493 20C48A 2B7A10B 20C493 42ACACA 2E22F3BB 22E9DB 1BAD48A 20C493','2019-11-19 14:03:06'),(5,1,3,'22E9DB 195D894B 2275D48A 22E9DB 20C48A 22E9DB 195D894B 20C48A 2E22F3BB 42ACACA 20C48A 2B7A10B 22E9DB 42ACACA 195D894B 20C493 AA18CA 22E9DB 20C48A 21548A 22E9DB 20C48A 2B7A10B 20C493 42ACACA 2E22F3BB 22E9DB 1BAD48A 20C493 20C48A 20C493 20C48A 20C493 1BAD48A 20C6CA 22E9DB 125FA2CA 2275D48A 63D0833','2019-11-19 14:03:06'),(6,3,3,'22E9DB 195D894B 2275D48A 22E9DB 20C48A 2B7A10B 22E9DB 42ACACA 195D894B 20C493 AA18CA 22E9DB 20C48A 22E9DB 195D894B 20C48A 920C48A 20C493 125FA2CA 20C493 20C48A 22E9DB 1BAD48A 20C48A 2B7A10B 69C003 195D894B 2B7A10B 63D0833 20C48A 20C493 1BAD48A 20C6CA 22E9DB 125FA2CA 2275D48A 63D0833','2019-11-19 15:29:05');
/*!40000 ALTER TABLE `messages` ENABLE KEYS */;
UNLOCK TABLES;

--
-- Table structure for table `receivedmessages`
--

DROP TABLE IF EXISTS `receivedmessages`;
/*!40101 SET @saved_cs_client     = @@character_set_client */;
/*!50503 SET character_set_client = utf8mb4 */;
CREATE TABLE `receivedmessages` (
  `idUser` int(11) NOT NULL,
  `idMessage` int(11) NOT NULL,
  `from` int(11) DEFAULT NULL,
  PRIMARY KEY (`idUser`,`idMessage`),
  KEY `idMessage_idx` (`idMessage`),
  CONSTRAINT `idMessageReceived` FOREIGN KEY (`idMessage`) REFERENCES `messages` (`id`),
  CONSTRAINT `idUserReceived` FOREIGN KEY (`idUser`) REFERENCES `users` (`id`)
) ENGINE=InnoDB DEFAULT CHARSET=utf8;
/*!40101 SET character_set_client = @saved_cs_client */;

--
-- Dumping data for table `receivedmessages`
--

LOCK TABLES `receivedmessages` WRITE;
/*!40000 ALTER TABLE `receivedmessages` DISABLE KEYS */;
INSERT INTO `receivedmessages` VALUES (1,1,2),(1,4,3),(2,3,1),(3,2,2),(3,5,1),(3,6,3);
/*!40000 ALTER TABLE `receivedmessages` ENABLE KEYS */;
UNLOCK TABLES;

--
-- Table structure for table `sentmessages`
--

DROP TABLE IF EXISTS `sentmessages`;
/*!40101 SET @saved_cs_client     = @@character_set_client */;
/*!50503 SET character_set_client = utf8mb4 */;
CREATE TABLE `sentmessages` (
  `idUser` int(11) NOT NULL,
  `idMessage` int(11) NOT NULL,
  `for` int(11) DEFAULT NULL,
  PRIMARY KEY (`idUser`,`idMessage`),
  KEY `idMessage_idx` (`idMessage`),
  CONSTRAINT `idMessageSent` FOREIGN KEY (`idMessage`) REFERENCES `messages` (`id`),
  CONSTRAINT `idUserSent` FOREIGN KEY (`idUser`) REFERENCES `users` (`id`)
) ENGINE=InnoDB DEFAULT CHARSET=utf8;
/*!40101 SET character_set_client = @saved_cs_client */;

--
-- Dumping data for table `sentmessages`
--

LOCK TABLES `sentmessages` WRITE;
/*!40000 ALTER TABLE `sentmessages` DISABLE KEYS */;
INSERT INTO `sentmessages` VALUES (1,3,2),(1,5,3),(2,1,1),(2,2,3),(3,4,1),(3,6,3);
/*!40000 ALTER TABLE `sentmessages` ENABLE KEYS */;
UNLOCK TABLES;

--
-- Table structure for table `users`
--

DROP TABLE IF EXISTS `users`;
/*!40101 SET @saved_cs_client     = @@character_set_client */;
/*!50503 SET character_set_client = utf8mb4 */;
CREATE TABLE `users` (
  `id` int(11) NOT NULL AUTO_INCREMENT,
  `name` varchar(100) NOT NULL,
  `email` varchar(100) NOT NULL,
  `password` varchar(250) NOT NULL,
  PRIMARY KEY (`id`),
  UNIQUE KEY `email_UNIQUE` (`email`)
) ENGINE=InnoDB AUTO_INCREMENT=4 DEFAULT CHARSET=utf8;
/*!40101 SET character_set_client = @saved_cs_client */;

--
-- Dumping data for table `users`
--

LOCK TABLES `users` WRITE;
/*!40000 ALTER TABLE `users` DISABLE KEYS */;
INSERT INTO `users` VALUES (1,'Manuela García Monsalve','dyg9812@gmail.com','$2y$10$jTushC/4l/suv.MfirAPcuIJYlhuqj1qGn66Ekt37l46TK0hLGJc.'),(2,'Andres Felipe Garcia Fiscal','agarciafisc@uniminuto.edu.co','$2y$10$jTushC/4l/suv.MfirAPcuIJYlhuqj1qGn66Ekt37l46TK0hLGJc.'),(3,'Alberto Otalora','albertalora@gmail.com','$2y$10$jTushC/4l/suv.MfirAPcuIJYlhuqj1qGn66Ekt37l46TK0hLGJc.');
/*!40000 ALTER TABLE `users` ENABLE KEYS */;
UNLOCK TABLES;
/*!40103 SET TIME_ZONE=@OLD_TIME_ZONE */;

/*!40101 SET SQL_MODE=@OLD_SQL_MODE */;
/*!40014 SET FOREIGN_KEY_CHECKS=@OLD_FOREIGN_KEY_CHECKS */;
/*!40014 SET UNIQUE_CHECKS=@OLD_UNIQUE_CHECKS */;
/*!40101 SET CHARACTER_SET_CLIENT=@OLD_CHARACTER_SET_CLIENT */;
/*!40101 SET CHARACTER_SET_RESULTS=@OLD_CHARACTER_SET_RESULTS */;
/*!40101 SET COLLATION_CONNECTION=@OLD_COLLATION_CONNECTION */;
/*!40111 SET SQL_NOTES=@OLD_SQL_NOTES */;

-- Dump completed on 2019-11-22 18:02:28
